title,channelname,docurl,imgurl,source,tlink
她23岁牺牲父亲哭瞎双眼 弟弟苦寻64年后在墓地痛哭,yaowen,https://www.163.com/dy/article/GN3D3NUG0521DC6R.html,http://cms-bucket.ws.126.net/2021/1025/5e8fc7c2p00r1iflr001wc000s600e3c.png,李砍柴,https://www.163.com/dy/article/GN3D3NUG0521DC6R.html
上海女子5分钟赔光586万 跟＂股神＂投资5千元赚1.5万,yaowen,https://www.163.com/dy/article/GN46FGH6055040N3.html,http://dingyue.ws.126.net/2021/1025/cb24f317j00r1hpr00017c000oz00ang.jpg,上观新闻,https://www.163.com/dy/article/GN46FGH6055040N3.html
马斯克宣布撤回FSD Beta 10.3版本 部分功能遭吐槽,yaowen,https://www.163.com/tech/article/GN50K5DC00097U7T.html,http://cms-bucket.ws.126.net/2021/1025/5fd3e85cp00r1iawd003ic0009c0070c.png,网易科技报道,https://www.163.com/tech/article/GN50K5DC00097U7T.html
新MacBook Pro抢先开箱：苹果释疑为何要用刘海屏,yaowen,https://www.163.com/dy/article/GN51NFTS0511CPVM.html,http://cms-bucket.ws.126.net/2021/1025/74e351d1p00r1ifb70078c000go008cc.png,快科技,https://www.163.com/dy/article/GN51NFTS0511CPVM.html
夫妻带1岁娃和狗徒步全部死亡 2个月后死因公布:太热,yaowen,https://www.163.com/dy/article/GN49ER2J051484S5.html,http://cms-bucket.ws.126.net/2021/1025/7caff701p00r1ibvg002mc0009c0070c.png,英国那些事儿,https://www.163.com/dy/article/GN49ER2J051484S5.html
西北疫情感染164例波及11省份 还有多少潜在隐形疫区,yaowen,https://www.163.com/dy/article/GN55VOFK05457FUK.html,http://dingyue.ws.126.net/2021/1025/443fd0bdj00r1if7e001bd000fs00bup.jpg,八点健闻,https://www.163.com/dy/article/GN55VOFK05457FUK.html
内蒙古额济纳旗：25日零时起 居民和游客居家抗疫,yaowen,https://www.163.com/dy/article/GN499G1N0512D3VJ.html,http://cms-bucket.ws.126.net/2021/1025/0c343744j00r1if4m001jc0009c0070c.jpg,新京报,https://www.163.com/dy/article/GN499G1N0512D3VJ.html
妻子不让公婆带孩子丈夫辞职当全职奶爸 结果妻子崩溃,yaowen,https://www.163.com/dy/article/GN4AR3JV05527G05.html,http://cms-bucket.ws.126.net/2021/1025/d85b359dp00r1ieoc002pc0009c0070c.png,清白路人,https://www.163.com/dy/article/GN4AR3JV05527G05.html
＂北大保安第一人＂再上热搜:曾轰动全国 如今是名校长,yaowen,https://www.163.com/dy/article/GN37A9B9055040N3.html,http://dingyue.ws.126.net/2021/1023/99b1b4e1j00r1e0xp001ic000u000csg.jpg,上观新闻,https://www.163.com/dy/article/GN37A9B9055040N3.html
孟美岐被曝当小三 男方发文承认交代后事暗示寻死,yaowen,https://www.163.com/dy/article/GN540FRC05179RJN.html,http://cms-bucket.ws.126.net/2021/1025/7b82b12fj00r1iea4001uc000s600e3c.jpg,萌神木木,https://www.163.com/dy/article/GN540FRC05179RJN.html
沈阳爆炸小区仍存在大量碎玻璃 住户蒙塑料布挡风雨,yaowen,https://www.163.com/dy/article/GN3M23U30512B07B.html,http://cms-bucket.ws.126.net/2021/1025/dd966fb2p00r1idiq001kc0009c0070c.png,每日经济新闻,https://www.163.com/dy/article/GN3M23U30512B07B.html
她18岁考清华33岁年薪百万 4年生3娃替世界首富花钱,yaowen,https://www.163.com/dy/article/GN14M3RG0552BLXQ.html,http://cms-bucket.ws.126.net/2021/1025/b253d94dp00r1ideq006zc000s600e3c.png,朱小鹿,https://www.163.com/dy/article/GN14M3RG0552BLXQ.html
浙江一女子K歌“K掉”2万多 真相令人崩溃,yaowen,https://www.163.com/dy/article/GN52U35R0514R9OJ.html,http://dingyue.ws.126.net/2021/1025/13c88b31j00r1icrt000zc000hs00mzg.jpg,环球网资讯,https://www.163.com/dy/article/GN52U35R0514R9OJ.html
她曾亲历出征联大:乔冠华发言稿改到凌晨 被一抢而空,yaowen,https://www.163.com/news/article/GN4RJJ8700018AOQ.html,http://cms-bucket.ws.126.net/2021/1025/6095ef63p00r1ibiq001lc0009c0070c.png,上观新闻,https://www.163.com/news/article/GN4RJJ8700018AOQ.html
普通女孩被安排背10万爱马仕 50天后容貌气质都变了,yaowen,https://www.163.com/dy/article/GN4H05M10516FC9F.html,http://cms-bucket.ws.126.net/2021/1025/2ff1715ep00r1iciu0025c0009c0070c.png,INSIGHT视界,https://www.163.com/dy/article/GN4H05M10516FC9F.html
C罗吞生涯最惨失利!恼羞成怒上演连环腿 却逃红牌,yaowen,https://www.163.com/sports/article/GN4EI8C000058781.html,http://cms-bucket.ws.126.net/2021/1025/aec1a071p00r1hw91006nc0009c0070c.png,网易体育,https://www.163.com/sports/article/GN4EI8C000058781.html
法媒就台湾问题鼓吹＂三战＂ 中使馆驳斥,yaowen,https://www.163.com/news/article/GN52CE1D0001899O.html,http://cms-bucket.ws.126.net/2021/1025/620a151ap00r1icd9001rc0009c0070c.png,观察者网,https://www.163.com/news/article/GN52CE1D0001899O.html
陈冰：台积电向美国“投降”意味着什么？,yaowen,https://www.163.com/dy/article/GN40O8EM0514FGV8.html,http://dingyue.ws.126.net/2021/1024/179e583dj00r1hl43001gd000ku00fmp.jpg,直新闻,https://www.163.com/dy/article/GN40O8EM0514FGV8.html
员工嫖娼被拘留遭公司开除要求赔偿16万 法院判了,yaowen,https://www.163.com/dy/article/GN45EJFR0512B07B.html,http://dingyue.ws.126.net/2021/1025/19db9a23j00r1hojr00qjc001hc00zkg.jpg,每日经济新闻,https://www.163.com/dy/article/GN45EJFR0512B07B.html
＂我应当55岁退休＂ 女员工拒绝50岁退休 官司打到高院,yaowen,https://www.163.com/dy/article/GN45EKFA0512B07B.html,http://dingyue.ws.126.net/2021/1025/86f9bf5ej00r1hojs00utc001hc00zkg.jpg,每日经济新闻,https://www.163.com/dy/article/GN45EKFA0512B07B.html
内蒙古新增本土确诊13例 其中阿拉善盟额济纳旗12例,yaowen,https://www.163.com/news/article/GN51CMSP0001899O.html,http://cms-bucket.ws.126.net/2021/1025/87dbced5j00r1ibox0013c0009c0070c.jpg,央视新闻,https://www.163.com/news/article/GN51CMSP0001899O.html
县政法委书记回复市民＂滚＂ 石家庄官方：免职,yaowen,https://www.163.com/news/article/GN4VQORO0001899O.html,http://cms-bucket.ws.126.net/2021/1025/39e5f647j00r1iax2000tc0009c0070c.jpg,石家庄新闻网,https://www.163.com/news/article/GN4VQORO0001899O.html
老人把女友孩子培养成才亲生儿子辍学 17年后独尝苦果,yaowen,https://www.163.com/dy/article/GN3OE1SK0548B7QF.html,http://cms-bucket.ws.126.net/2021/1025/55290a51p00r1ian9008sc0009c0070c.png,野离离,https://www.163.com/dy/article/GN3OE1SK0548B7QF.html
疯狂游客冲到白虎群前挑衅 救他命的＂隐蔽装置＂是什么,yaowen,https://www.163.com/dy/article/GN4B1KVM055291WL.html,http://cms-bucket.ws.126.net/2021/1025/1b4bbbb8p00r1iakz007oc000s600e3c.png,魔都囡,https://www.163.com/dy/article/GN4B1KVM055291WL.html
南航实验室爆燃目击者：巨响后整栋楼窗户都在震,yaowen,https://www.163.com/dy/article/GN3PBQNT05129QAF.html,http://dingyue.ws.126.net/2021/1024/b6a762adj00r1hf0800byc000m800spg.jpg,南方都市报,https://www.163.com/dy/article/GN3PBQNT05129QAF.html
女博主穿便服打卡切尔诺贝利 称自己徒步三天两夜,yaowen,https://www.163.com/dy/article/GN4AVVR10530NLC9.html,http://cms-bucket.ws.126.net/2021/1025/fbbfda25p00r1iev900c4c0009c0070c.png,中国基金报,https://www.163.com/dy/article/GN4AVVR10530NLC9.html
游客擅自下车1人＂单挑＂11只白虎 目击者:大家很震惊,yaowen,https://www.163.com/dy/article/GN3IGFI80534A5GP.html,http://dingyue.ws.126.net/2021/1024/42d3d28aj00r1h9j6000zd000cg009cp.jpg,和讯财经新知,https://www.163.com/dy/article/GN3IGFI80534A5GP.html
西方10国要土耳其释放反政府人士 土总统:你们算老几,yaowen,https://www.163.com/dy/article/GN4TVIU70514R9OJ.html,http://dingyue.ws.126.net/2021/1025/ad601156j00r1i8rk005xc000sg00l5g.jpg,环球网资讯,https://www.163.com/dy/article/GN4TVIU70514R9OJ.html
女星被丈夫曝光出轨干儿子 拍电影还原＂衣柜捉奸＂场景,yaowen,https://www.163.com/dy/article/GMUTPTT90537BF1P.html,http://cms-bucket.ws.126.net/2021/1025/22ad2bd3p00r1i9mv005ac000s600e3c.png,文刀贰,https://www.163.com/dy/article/GMUTPTT90537BF1P.html
内蒙古赤峰一恶势力团伙覆灭:被控2年犯下45起强奸案,yaowen,https://www.163.com/dy/article/GN4SFJT00514R9P4.html,http://cms-bucket.ws.126.net/2021/1025/5911aaccp00r1ic9z0012c0009c0070c.png,澎湃新闻,https://www.163.com/dy/article/GN4SFJT00514R9P4.html
加前总理:现政府须正视中国已成世界一流强国的现实,yaowen,https://www.163.com/news/article/GN4TESIC0001899O.html,http://cms-bucket.ws.126.net/2021/1025/c71b807fp00r1i9de004ec0009c0070c.png,央视新闻客户端,https://www.163.com/news/article/GN4TESIC0001899O.html
北京感染者达15人出现3支传播链 均与内蒙古旅游相关,yaowen,https://www.163.com/dy/article/GN4572M60530PDK6.html,http://cms-bucket.ws.126.net/2021/1025/81aa25dbp00r1i8xg002qc0009c0070c.png,新京报北京知道,https://www.163.com/dy/article/GN4572M60530PDK6.html
储户28亿存款突然＂不见了＂ 1分钱取不出来 银行回应,yaowen,https://www.163.com/news/article/GN4SMDIA0001899O.html,http://cms-bucket.ws.126.net/2021/1025/a56dccd2j00r1i86l0014c000s600e3c.jpg,中国基金报,https://www.163.com/news/article/GN4SMDIA0001899O.html
下一步是驱逐?西媒:土耳其面临前所未有的外交危机,yaowen,https://www.163.com/news/article/GN41LMHF00019B3E.html,http://cms-bucket.ws.126.net/2021/1024/fdca50a3p00r1hlye003uc000s600e3c.png,观察者网,https://www.163.com/news/article/GN41LMHF00019B3E.html
媒体：华春莹已任外交部部长助理 意味着什么？,yaowen,https://www.163.com/dy/article/GN3O44OC0514FGV8.html,http://cms-bucket.ws.126.net/2021/1024/cde8cf72p00r1hjb2002nc000s600e3c.png,直新闻,https://www.163.com/dy/article/GN3O44OC0514FGV8.html
6岁男童被两狗撕咬缝80多针 治疗费未谈拢家属告狗主,yaowen,https://www.163.com/dy/article/GN3OD5UQ053469LG.html,http://cms-bucket.ws.126.net/2021/1024/1513d544p00r1hl8p0034c000s600e3c.png,极目新闻,https://www.163.com/dy/article/GN3OD5UQ053469LG.html
中俄海军联合巡航时日本飞机舰艇尾随 中方主动喊话,yaowen,https://www.163.com/dy/article/GN37MB270514R9OJ.html,http://cms-bucket.ws.126.net/2021/1024/7f958764p00r1hki9005tc000s600e3c.png,环球网资讯,https://www.163.com/dy/article/GN37MB270514R9OJ.html
国外是平价品国内却是奢侈品 如今巨亏600亿的它慌了,yaowen,https://www.163.com/news/article/GN3U97JR00019QIF.html,http://cms-bucket.ws.126.net/2021/1024/7d458b88p00r1hj6v00auc0009c0070c.png,金九银十,https://www.163.com/news/article/GN3U97JR00019QIF.html
上海＂神秘房东＂抛售93套房套现4.5亿？真相曝光,yaowen,https://www.163.com/dy/article/GN3H13TB0519DDQ2.html,http://cms-bucket.ws.126.net/2021/1024/cef46c4bj00r1hio6000cc000s600e3c.jpg,第一财经资讯,https://www.163.com/dy/article/GN3H13TB0519DDQ2.html
90后女子成3孩妈妈 家庭月支出升至2万起步欠债40万,yaowen,https://www.163.com/dy/article/GN3Q0EQ10541M7QW.html,http://cms-bucket.ws.126.net/2021/1024/ebea7061p00r1hhcy007xc000s600e3c.png,勿以类拒,https://www.163.com/dy/article/GN3Q0EQ10541M7QW.html
华春莹任外交部部长助理 曾连续5周开记者会呼吸困难,yaowen,https://www.163.com/dy/article/GN3P53260512B07B.html,http://cms-bucket.ws.126.net/2021/1024/0ec0c9a8p00r1hfqi006pc000s600e3c.png,每日经济新闻,https://www.163.com/dy/article/GN3P53260512B07B.html
男子＂挑衅＂11只白虎 园方:因隐蔽隔离装置人虎未接触,yaowen,https://www.163.com/dy/article/GN3ONRNK0512D3VJ.html,http://cms-bucket.ws.126.net/2021/1024/efca9459p00r1hj6q003nc000s600e3c.png,新京报,https://www.163.com/dy/article/GN3ONRNK0512D3VJ.html
汶川地震丢下学生逃跑的＂范跑跑＂ 13年过去如今怎样?,yaowen,https://www.163.com/dy/article/GN19AT7305524ID0.html,http://dingyue.ws.126.net/2021/1023/a384bf0ej00r1fmbs000gc0009q007dm.jpg,畅思园,https://www.163.com/dy/article/GN19AT7305524ID0.html
影帝与港姐真空缠绵传绯闻 影后女友街头与富商接吻,yaowen,https://www.163.com/dy/article/GN2VKVSU0537MK0O.html,http://cms-bucket.ws.126.net/2021/1024/1127f6c5p00r1hd170024c000s600e3c.png,万小刀,https://www.163.com/dy/article/GN2VKVSU0537MK0O.html
北京宏福苑两万多名居民隔离 5公里外涉病例医院停诊,yaowen,https://www.163.com/news/article/GN3M9I7B0001899O.html,http://cms-bucket.ws.126.net/2021/1024/1ef79336p00r1hd1m00xhc000s600e3c.png,新京报,https://www.163.com/news/article/GN3M9I7B0001899O.html
国考报名人数破200万创新高 最热职位超20000:1,yaowen,https://www.163.com/news/article/GN3LB11L0001899O.html,http://cms-bucket.ws.126.net/2021/1024/71f4273cj00r1hbvc002mc000ug00jfc.jpg,北京日报客户端,https://www.163.com/news/article/GN3LB11L0001899O.html
28岁姑娘与矿老板接触1次怀孕生子:你要照顾我们母子,yaowen,https://www.163.com/dy/article/GMU4ERPG054828GR.html,http://cms-bucket.ws.126.net/2021/1024/7953b5c3p00r1hbi60052c000s600e3c.png,纸鸢谈情感,https://www.163.com/dy/article/GMU4ERPG054828GR.html
北京同一小区6人因疫情被刑事立案 2人封控期翻护栏,yaowen,https://www.163.com/news/article/GN3KFQC90001899O.html,http://cms-bucket.ws.126.net/2021/1024/9c446f74j00r1hbim001fc000s600e3c.jpg,新京报,https://www.163.com/news/article/GN3KFQC90001899O.html
鄂尔多斯森林公园烂尾15年 300斤富商倒卖土地被抓,yaowen,https://www.163.com/dy/article/GN3IBS2O0514BE2Q.html,http://cms-bucket.ws.126.net/2021/1024/8c59b559p00r1hfja00a1c000s600e3c.png,中国新闻周刊,https://www.163.com/dy/article/GN3IBS2O0514BE2Q.html
上海一商场1天卖1亿?有人坐高铁来买 满2万专车送回家,yaowen,https://www.163.com/dy/article/GN3APSDO055040N3.html,http://cms-bucket.ws.126.net/2021/1024/72e05a34p00r1h92e002lc000s600e3c.png,上观新闻,https://www.163.com/dy/article/GN3APSDO055040N3.html
医学生吃完火锅留下1张字条 老板看了忙去医院做检查,yaowen,https://www.163.com/dy/article/GN3ASJR90530U7LS.html,http://cms-bucket.ws.126.net/2021/1024/f892ceedp00r1h8rj00suc000s600e3c.png,南国今报,https://www.163.com/dy/article/GN3ASJR90530U7LS.html
退伍女兵反杀持刀男子被拘获国赔 检察长当面赔礼道歉,yaowen,https://www.163.com/dy/article/GN3G50NR05506O99.html,http://cms-bucket.ws.126.net/2021/1024/81c5419fp00r1hc4p002kc000s600e3c.png,南风窗,https://www.163.com/dy/article/GN3G50NR05506O99.html
华春莹已任外交部部长助理 大学时被称为＂迎春花＂,yaowen,https://www.163.com/dy/article/GN3D0HKH0530M570.html,http://cms-bucket.ws.126.net/2021/1024/421f6807p00r1h6ei000sc000s600e3c.png,新京报政事儿,https://www.163.com/dy/article/GN3D0HKH0530M570.html
李云迪嫖娼被拘:看守所外无粉丝 是否应被通报惹争议,yaowen,https://www.163.com/dy/article/GN3EMG920514F086.html,http://cms-bucket.ws.126.net/2021/1024/bd46a11bp00r1h6ul00kgc000s600e3c.png,凤凰WEEKLY,https://www.163.com/dy/article/GN3EMG920514F086.html
新加坡外交官：中国不会步美国后尘 中国已经够忙了,yaowen,https://www.163.com/dy/article/GN324T9U0514R9OJ.html,http://cms-bucket.ws.126.net/2021/1024/6df0c99fp00r1h61x002ac000s600e3c.png,环球网资讯,https://www.163.com/dy/article/GN324T9U0514R9OJ.html
76岁大爷养20年骡子种30亩地:没生过病 还能干到80岁,yaowen,https://www.163.com/dy/article/GN34KO3L0521G3RQ.html,http://cms-bucket.ws.126.net/2021/1024/39d612f3p00r1h2oo00a0c0009c0070c.png,荆卫定人文摄影,https://www.163.com/dy/article/GN34KO3L0521G3RQ.html
两初中男生离家出走 用木板在树上搭树屋生活2天2夜,yaowen,https://www.163.com/dy/article/GN39TN9G051492T3.html,http://cms-bucket.ws.126.net/2021/1024/eb4c5ef5p00r1h5et00jjc000s600e3c.png,红星新闻,https://www.163.com/dy/article/GN39TN9G051492T3.html
彭德怀援助朝鲜生病 周恩来以中央名义回电:马上回国,yaowen,https://www.163.com/dy/article/GN2VQPGD0550A0OW.html,http://cms-bucket.ws.126.net/2021/1024/1cb36a5ep00r1h1el003dc000s600e3c.png,新民周刊,https://www.163.com/dy/article/GN2VQPGD0550A0OW.html
5名家长反映学校食堂问题被刑拘 食堂视频被播放6万次,yaowen,https://www.163.com/dy/article/GN37SK64053469LG.html,http://cms-bucket.ws.126.net/2021/1024/3f0bb6f8p00r1h53y0012c0009c0070c.png,极目新闻,https://www.163.com/dy/article/GN37SK64053469LG.html
美副总统被当场被质问：为何不与中国共建＂一带一路＂,yaowen,https://www.163.com/news/article/GN37F6P300019B3E.html,http://cms-bucket.ws.126.net/2021/1024/d5583723p00r1h0rs0018c000s600e3c.png,观察者网,https://www.163.com/news/article/GN37F6P300019B3E.html
开业首日被砸场子供应商带货＂逃跑＂?上海家乐福怒了,yaowen,https://www.163.com/dy/article/GN2U6D7T0534A4S1.html,http://dingyue.ws.126.net/2021/1024/dfed0a26j00r1gt5n0013c000hs007kg.jpg,新闻坊,https://www.163.com/dy/article/GN2U6D7T0534A4S1.html
南京韩企发歧视中国员工公告:全厂禁烟 韩国人除外,yaowen,https://www.163.com/news/article/GN34PDDC0001899O.html,http://cms-bucket.ws.126.net/2021/1024/8b0ca4fap00r1gyhm002sc0009c0070c.png,观察者网,https://www.163.com/news/article/GN34PDDC0001899O.html
游客下车冲向虎群与11只白虎对峙 动物园通报细节,yaowen,https://www.163.com/news/article/GN33K6KG0001899O.html,http://cms-bucket.ws.126.net/2021/1024/7eba9249p00r1gxqy005yc0009c0070c.png,成都商报红星新闻,https://www.163.com/news/article/GN33K6KG0001899O.html
花样年300亿现金消失 视王思聪为楷模的创始人写家书,yaowen,https://www.163.com/dy/article/GN1T3B0O055215PB.html,http://cms-bucket.ws.126.net/2021/1024/440b98fdp00r1gune0019c0009c0070c.png,海底商业奇谈,https://www.163.com/dy/article/GN1T3B0O055215PB.html
官员情人用酒跟商人换1300万房产 当事人:不换就抓我,yaowen,https://www.163.com/dy/article/GN317BEE0552DNJF.html,http://cms-bucket.ws.126.net/2021/1024/1633ec68p00r1gvta0029c0009c0070c.png,九派新闻,https://www.163.com/dy/article/GN317BEE0552DNJF.html
老警犬退休再返聘 一边吃醋一边帮训导员训练新搭档,yaowen,https://www.163.com/dy/article/GN09S3EB053731TG.html,http://cms-bucket.ws.126.net/2021/1024/368bb9f6j00r1gvgc000pc0009c0070c.jpg,选溜娱乐大咖,https://www.163.com/dy/article/GN09S3EB053731TG.html
工人徒手穿梭17楼窗外修空调 涉事公司：将调查停职,yaowen,https://www.163.com/dy/article/GN2UL99M053469LG.html,http://cms-bucket.ws.126.net/2021/1024/899cbc3ep00r1gtri0031c000s600e3c.png,极目新闻,https://www.163.com/dy/article/GN2UL99M053469LG.html
官员被双开:多次到澳门赌博 与他人发生不正当性关系,yaowen,https://www.163.com/news/article/GN2TJEO40001899O.html,http://cms-bucket.ws.126.net/2021/1024/df72c955j00r1gsx4000tc0009c0070c.jpg,中央纪委国家监委网站,https://www.163.com/news/article/GN2TJEO40001899O.html
李佳琦双十一第一晚卖出106亿 他能赚多少钱？,yaowen,https://www.163.com/dy/article/GN2PG6CR05148UNS.html,http://dingyue.ws.126.net/2021/1024/60c2920dj00r1gpcr0012d000ku00fmp.jpg,每日人物,https://www.163.com/dy/article/GN2PG6CR05148UNS.html
＂法外狂徒＂罗翔:从顶流教授到被逼退网 他做错了什么?,yaowen,https://www.163.com/dy/article/GN0SHN5F05527SHW.html,http://cms-bucket.ws.126.net/2021/1024/487bd5c7p00r1grr40018c0009c0070c.png,致敬娱评,https://www.163.com/dy/article/GN0SHN5F05527SHW.html
